AFG,Kabol
AFG,Qandahar
AFG,Herat
AFG,Balkh
NLD,Noord-Holland
NLD,Zuid-Holland
NLD,Zuid-Holland
NLD,Utrecht
NLD,Noord-Brabant
NLD,Noord-Brabant
NLD,Groningen
NLD,Noord-Brabant
NLD,Gelderland
NLD,Gelderland
NLD,Overijssel
NLD,Noord-Holland
NLD,Flevoland
NLD,Gelderland
NLD,Noord-Holland
NLD,Noord-Brabant
NLD,Utrecht
NLD,Limburg
NLD,Zuid-Holland
NLD,Zuid-Holland
NLD,Noord-Holland
NLD,Zuid-Holland
NLD,Drenthe
NLD,Overijssel
NLD,Gelderland
NLD,Zuid-Holland
NLD,Limburg
NLD,Noord-Holland
ALB,Tirana
DZA,Alger
DZA,Oran
DZA,Constantine
DZA,Annaba
DZA,Batna
DZA,Skikda
DZA,Biskra
DZA,Blida
DZA,Mostaganem
DZA,Tlemcen
DZA,Tiaret
DZA,Chlef
DZA,Ghardaï¿½a
ASM,Tutuila
ASM,Tutuila
AND,Andorra la Vella
AGO,Luanda
AGO,Huambo
AGO,Benguela
AGO,Benguela
AGO,Namibe
ATG,St John
ARE,Dubai
ARE,Abu Dhabi
ARE,Sharja
ARE,Abu Dhabi
ARE,Ajman
ARG,Distrito Federal
ARG,Buenos Aires
ARG,Buenos Aires
ARG,Buenos Aires
ARG,Buenos Aires
ARG,Buenos Aires
ARG,Buenos Aires
ARG,Buenos Aires
ARG,Buenos Aires
ARG,Buenos Aires
ARG,Salta
ARG,Buenos Aires
ARG,Santa Fï¿½
ARG,Buenos Aires
ARG,Buenos Aires
ARG,Buenos Aires
ARG,Buenos Aires
ARG,Buenos Aires
ARG,Buenos Aires
ARG,Buenos Aires
ARG,Buenos Aires
ARG,Buenos Aires
ARG,Corrientes
ARG,Buenos Aires
ARG,Buenos Aires
ARG,Buenos Aires
ARG,Chaco
ARG,Buenos Aires
ARG,Entre Rios
ARG,Mendoza
ARG,Misiones
ARG,Mendoza
ARG,Santiago del Estero
ARG,Jujuy
ARG,Buenos Aires
ARG,Neuquï¿½n
ARG,Buenos Aires
ARG,Buenos Aires
ARG,Formosa
ARG,Mendoza
ARG,La Rioja
ARG,Catamarca
ARG,Chubut
ARG,Mendoza
ARG,Buenos Aires
ARG,San Juan
ARG,Buenos Aires
ARG,Entre Rios
ARG,Buenos Aires
ARG,San Luis
ARG,Buenos Aires
ARG,Mendoza
ARG,Buenos Aires
ARM,Yerevan
ARM,Lori
AUS,New South Wales
AUS,Victoria
AUS,Queensland
AUS,West Australia
AUS,South Australia
AUS,Capital Region
AUS,Queensland
AUS,New South Wales
AUS,New South Wales
AUS,New South Wales
AUS,Tasmania
AUS,Victoria
AUS,Queensland
AUS,Queensland
AZE,Baki
AZE,Sumqayit
BHS,New Providence
BHR,al-Manama
BGD,Dhaka
BGD,Chittagong
BGD,Khulna
BGD,Rajshahi
BGD,Dhaka
BGD,Rajshahi
BGD,Dhaka
BGD,Barisal
BGD,Dhaka
BGD,Khulna
BGD,Chittagong
BGD,Rajshahi
BGD,Rajshahi
BGD,Rajshahi
BGD,Sylhet
BGD,Chittagong
BGD,Dhaka
BGD,Dhaka
BGD,Rajshahi
BGD,Rajshahi
BGD,Rajshahi
BGD,Dhaka
BGD,Rajshahi
BGD,Dhaka
BRB,St Michael
BEL,Antwerpen
BEL,East Flanderi
BEL,Hainaut
BEL,Bryssel
BEL,West Flanderi
BEL,Bryssel
BEL,Namur
BEL,Hainaut
BLZ,Belize City
BLZ,Cayo
BEN,Atlantique
BEN,Atacora
BEN,Borgou
BMU,Hamilton
BTN,Thimphu
BOL,Santa Cruz
BOL,La Paz
BOL,La Paz
BOL,Cochabamba
BOL,Oruro
BOL,Chuquisaca
BOL,Tarija
BIH,Federaatio
BIH,Republika Srpska
BIH,Federaatio
BWA,Gaborone
BWA,Francistown
BRA,Rio de Janeiro
BRA,Bahia
BRA,Minas Gerais
BRA,Distrito Federal
BRA,Pernambuco
BRA,Rio Grande do Sul
BRA,Amazonas
BRA,Rio de Janeiro
BRA,Rio Grande do Norte
BRA,Mato Grosso do Sul
BRA,Pernambuco
BRA,Minas Gerais
BRA,Minas Gerais
BRA,Bahia
BRA,Minas Gerais
BRA,Sergipe
BRA,Rio de Janeiro
BRA,Santa Catarina
BRA,Rio de Janeiro
BRA,Rio de Janeiro
BRA,Pernambuco
BRA,Rio Grande do Sul
BRA,Rio Grande do Sul
BRA,Minas Gerais
BRA,Rio Grande do Sul
BRA,Minas Gerais
BRA,Santa Catarina
BRA,Rio de Janeiro
BRA,Acre
BRA,Bahia
BRA,Bahia
BRA,Minas Gerais
BRA,Pernambuco
BRA,Santa Catarina
BRA,Pernambuco
BRA,Rio de Janeiro
BRA,Rio Grande do Sul
BRA,Rio Grande do Sul
BRA,Minas Gerais
BRA,Minas Gerais
BRA,Rio Grande do Sul
BRA,Rio Grande do Norte
BRA,Mato Grosso
BRA,Pernambuco
BRA,Rio Grande do Sul
BRA,Minas Gerais
BRA,Bahia
BRA,Rio de Janeiro
BRA,Rio Grande do Sul
BRA,Minas Gerais
BRA,Minas Gerais
BRA,Rio Grande do Sul
BRA,Bahia
BRA,Bahia
BRA,Alagoas
BRA,Rio Grande do Sul
BRA,Rio de Janeiro
BRA,Rio de Janeiro
BRA,Rio de Janeiro
BRA,Santa Catarina
BRA,Roraima
BRA,Rio Grande do Sul
BRA,Mato Grosso do Sul
BRA,Minas Gerais
BRA,Mato Grosso
BRA,Santa Catarina
BRA,Rio de Janeiro
BRA,Pernambuco
BRA,Bahia
BRA,Santa Catarina
BRA,Santa Catarina
BRA,Santa Catarina
BRA,Sergipe
BRA,Minas Gerais
BRA,Rio de Janeiro
BRA,Bahia
BRA,Bahia
BRA,Rio Grande do Sul
BRA,Minas Gerais
BRA,Rio de Janeiro
BRA,Minas Gerais
BRA,Tocantins
BRA,Rio Grande do Sul
BRA,Rio Grande do Sul
BRA,Rio de Janeiro
BRA,Minas Gerais
BRA,Pernambuco
BRA,Rio de Janeiro
BRA,Tocantins
BRA,Pernambuco
BRA,Pernambuco
BRA,Minas Gerais
BRA,Bahia
BRA,Bahia
BRA,Minas Gerais
BRA,Minas Gerais
BRA,Rio Grande do Sul
BRA,Rio Grande do Sul
BRA,Santa Catarina
BRA,Minas Gerais
BRA,Rio de Janeiro
BRA,Minas Gerais
BRA,Minas Gerais
BRA,Minas Gerais
BRA,Minas Gerais
BRA,Bahia
BRA,Rio de Janeiro
BRA,Bahia
BRA,Rio Grande do Norte
BRA,Bahia
BRA,Minas Gerais
BRA,Rio Grande do Sul
BRA,Pernambuco
BRA,Rio Grande do Sul
BRA,Minas Gerais
BRA,Mato Grosso do Sul
BRA,Santa Catarina
BRA,Rio de Janeiro
BRA,Rio Grande do Sul
GBR,England
GBR,England
GBR,Scotland
GBR,England
GBR,Scotland
GBR,England
GBR,England
GBR,England
GBR,England
GBR,Wales
GBR,England
GBR,England
GBR,England
GBR,North Ireland
GBR,England
GBR,England
GBR,England
GBR,England
GBR,England
GBR,England
GBR,Wales
GBR,England
GBR,Scotland
GBR,England
GBR,England
GBR,England
GBR,England
GBR,England
GBR,England
GBR,England
GBR,England
GBR,England
GBR,England
GBR,England
GBR,England
GBR,England
GBR,Scotland
GBR,England
GBR,England
GBR,England
GBR,England
GBR,England
GBR,England
GBR,England
GBR,England
GBR,England
GBR,Wales
GBR,England
GBR,England
GBR,England
GBR,England
GBR,England
GBR,England
GBR,England
GBR,England
GBR,England
GBR,England
GBR,England
GBR,England
GBR,England
GBR,England
GBR,England
GBR,England
GBR,England
GBR,England
GBR,England
GBR,England
GBR,England
GBR,England
GBR,England
GBR,England
GBR,England
GBR,England
GBR,England
GBR,England
GBR,England
GBR,England
GBR,England
GBR,England
GBR,Jersey
VGB,Tortola
BRN,Brunei and Muara
BGR,Grad Sofija
BGR,Plovdiv
BGR,Varna
BGR,Burgas
BGR,Ruse
BGR,Haskovo
BGR,Lovec
BGR,Burgas
BGR,Varna
BGR,Varna
BFA,Kadiogo
BFA,Houet
BDI,Bujumbura
CYM,Grand Cayman
CHL,Santiago
CHL,Santiago
CHL,Antofagasta
CHL,Santiago
CHL,Maule
CHL,Los Lagos
CHL,Coquimbo
CHL,Los Lagos
CHL,Coquimbo
CHL,Antofagasta
CHL,Los Lagos
CHL,Magallanes
CHL,Coquimbo
CHL,Santiago
COK,Rarotonga
DJI,Djibouti
DMA,St George
DOM,Distrito Nacional
DOM,Santiago
DOM,La Romana
DOM,San Pedro de Macorï¿
DOM,Duarte
DOM,Puerto Plata
ECU,Guayas
ECU,Pichincha
ECU,Azuay
ECU,El Oro
ECU,Pichincha
ECU,Tungurahua
ECU,Guayas
ECU,Imbabura
ECU,Guayas
ECU,Loja
ECU,Chimborazo
ECU,Esmeraldas
EGY,Kairo
EGY,Aleksandria
EGY,Giza
EGY,al-Qalyubiya
EGY,Port Said
EGY,Suez
EGY,al-Gharbiya
EGY,al-Gharbiya
EGY,al-Daqahliya
EGY,Luxor
EGY,Asyut
EGY,al-Qalyubiya
EGY,al-Sharqiya
EGY,al-Faiyum
EGY,Ismailia
EGY,al-Buhayra
EGY,Assuan
EGY,al-Buhayra
EGY,al-Minya
EGY,Bani Suwayf
EGY,Qina
EGY,Sawhaj
EGY,al-Minufiya
EGY,Giza
EGY,al-Qalyubiya
EGY,Giza
EGY,Kafr al-Shaykh
EGY,al-Minya
EGY,al-Sharqiya
EGY,al-Daqahliya
EGY,Shamal Sina
EGY,al-Daqahliya
EGY,al-Qalyubiya
EGY,Sawhaj
EGY,Qina
EGY,Giza
EGY,Kafr al-Shaykh
SLV,San Salvador
SLV,Santa Ana
SLV,San Salvador
SLV,San Salvador
SLV,San Miguel
SLV,La Libertad
SLV,San Salvador
ERI,Maekel
ESP,Madrid
ESP,Katalonia
ESP,Valencia
ESP,Andalusia
ESP,Aragonia
ESP,Andalusia
ESP,Baskimaa
ESP,Canary Islands
ESP,Murcia
ESP,Balears
ESP,Andalusia
ESP,Galicia
ESP,Valencia
ESP,Asturia
ESP,Katalonia
ESP,Andalusia
ESP,Galicia
ESP,Baskimaa
ESP,Canary Islands
ESP,Katalonia
ESP,Asturia
ESP,Madrid
ESP,Valencia
ESP,Katalonia
ESP,Cantabria
ESP,Andalusia
ESP,Navarra
ESP,Baskimaa
ESP,Murcia
ESP,Madrid
ESP,Madrid
ESP,Andalusia
ESP,Katalonia
ESP,Madrid
ESP,Kastilia-La Mancha
ESP,Madrid
ESP,Andalusia
ESP,Madrid
ESP,Andalusia
ESP,Valencia
ESP,Extremadura
ESP,Canary Islands
ESP,La Rioja
ESP,Katalonia
ESP,Katalonia
ESP,Katalonia
ESP,Andalusia
ESP,Galicia
ESP,Katalonia
ESP,Andalusia
ESP,Andalusia
ESP,Baskimaa
ESP,Andalusia
ESP,Galicia
ESP,Madrid
ZAF,Western Cape
ZAF,Gauteng
ZAF,Gauteng
ZAF,Eastern Cape
ZAF,Gauteng
ZAF,KwaZulu-Natal
ZAF,KwaZulu-Natal
ZAF,Gauteng
ZAF,Gauteng
ZAF,Gauteng
ZAF,KwaZulu-Natal
ZAF,KwaZulu-Natal
ZAF,Gauteng
ZAF,Gauteng
ZAF,KwaZulu-Natal
ZAF,Free State
ZAF,Gauteng
ZAF,Gauteng
ZAF,Gauteng
ZAF,Gauteng
ZAF,North West
ZAF,Gauteng
ZAF,KwaZulu-Natal
ZAF,Eastern Cape
ZAF,Free State
ZAF,Northern Cape
ZAF,Eastern Cape
ZAF,KwaZulu-Natal
ZAF,Eastern Cape
ZAF,Gauteng
ZAF,Free State
ZAF,Gauteng
ZAF,Mpumalanga
ZAF,Gauteng
ZAF,Gauteng
ZAF,Gauteng
ZAF,Gauteng
ZAF,Gauteng
ZAF,Western Cape
ZAF,North West
ZAF,North West
ZAF,Gauteng
ZAF,Western Cape
ZAF,KwaZulu-Natal
ETH,Addis Abeba
ETH,Dire Dawa
ETH,Oromia
ETH,Amhara
ETH,Amhara
ETH,Tigray
ETH,Amhara
FLK,East Falkland
FJI,Central
PHL,National Capital Reg
PHL,National Capital Reg
PHL,National Capital Reg
PHL,Southern Mindanao
PHL,Central Visayas
PHL,Western Mindanao
PHL,National Capital Reg
PHL,National Capital Reg
PHL,National Capital Reg
PHL,Southern Tagalog
PHL,National Capital Reg
PHL,Northern Mindanao
PHL,National Capital Reg
PHL,National Capital Reg
PHL,Western Visayas
PHL,Southern Mindanao
PHL,National Capital Reg
PHL,Southern Tagalog
PHL,National Capital Reg
PHL,Western Visayas
PHL,National Capital Reg
PHL,National Capital Reg
PHL,Central Luzon
PHL,Southern Tagalog
PHL,Central Mindanao
PHL,Southern Tagalog
PHL,National Capital Reg
PHL,Caraga
PHL,Central Luzon
PHL,Central Luzon
PHL,Central Visayas
PHL,CAR
PHL,Southern Tagalog
PHL,Southern Tagalog
PHL,Southern Tagalog
PHL,National Capital Reg
PHL,Central Luzon
PHL,Central Luzon
PHL,Southern Tagalog
PHL,Central Visayas
PHL,Southern Tagalog
PHL,Southern Tagalog
PHL,Southern Tagalog
PHL,Southern Tagalog
PHL,Southern Tagalog
PHL,Central Luzon
PHL,Southern Tagalog
PHL,Southern Tagalog
PHL,Southern Mindanao
PHL,Eastern Visayas
PHL,Central Luzon
PHL,Central Luzon
PHL,Central Mindanao
PHL,Central Luzon
PHL,Southern Tagalog
PHL,Bicol
PHL,Southern Tagalog
PHL,Eastern Visayas
PHL,Ilocos
PHL,Western Visayas
PHL,Central Visayas
PHL,Northern Mindanao
PHL,Eastern Visayas
PHL,Central Luzon
PHL,Western Mindanao
PHL,Western Visayas
PHL,Western Visayas
PHL,Central Visayas
PHL,Bicol
PHL,Southern Tagalog
PHL,Southern Mindanao
PHL,Southern Mindanao
PHL,Central Mindanao
PHL,Ilocos
PHL,Western Visayas
PHL,Western Visayas
PHL,Central Luzon
PHL,Southern Mindanao
PHL,Central Luzon
PHL,Northern Mindanao
PHL,Cagayan Valley
PHL,Cagayan Valley
PHL,Central Luzon
PHL,Caraga
PHL,Western Visayas
PHL,National Capital Reg
PHL,Southern Tagalog
PHL,Central Luzon
PHL,Southern Tagalog
PHL,Southern Tagalog
PHL,Ilocos
PHL,Southern Tagalog
PHL,Ilocos
PHL,Central Luzon
PHL,Southern Tagalog
PHL,Southern Mindanao
PHL,Cagayan Valley
PHL,Southern Tagalog
PHL,Northern Mindanao
PHL,Central Luzon
PHL,Central Luzon
PHL,Western Visayas
PHL,Southern Tagalog
PHL,Bicol
PHL,Southern Tagalog
PHL,Southern Tagalog
PHL,Southern Mindanao
PHL,Central Mindanao
PHL,Cagayan Valley
PHL,Northern Mindanao
PHL,Central Visayas
PHL,Ilocos
PHL,Central Luzon
PHL,Central Visayas
PHL,Central Mindanao
PHL,Bicol
PHL,Central Luzon
PHL,Southern Mindanao
PHL,Western Mindanao
PHL,Southern Tagalog
PHL,Central Visayas
PHL,Caraga
PHL,Central Luzon
PHL,Central Luzon
PHL,Ilocos
PHL,Southern Tagalog
PHL,Eastern Visayas
PHL,Central Luzon
PHL,ARMM
PHL,Ilocos
PHL,Caraga
PHL,Southern Mindanao
PHL,Southern Tagalog
PHL,Bicol
PHL,Southern Tagalog
PHL,Bicol
FRO,Streymoyar
GAB,Estuaire
GMB,Kombo St Mary
GMB,Banjul
GEO,Tbilisi
GEO,Imereti
GEO,Kvemo Kartli
GEO,Abhasia [Aphazeti]
GHA,Greater Accra
GHA,Ashanti
GHA,Northern
GHA,Greater Accra
GHA,Western
GRD,St George
GRL,Kitaa
GLP,Grande-Terre
GLP,Basse-Terre
GTM,Guatemala
GTM,Guatemala
GTM,Guatemala
GTM,Quetzaltenango
GIN,Conakry
GNB,Bissau
GUY,Georgetown
HTI,Ouest
HTI,Ouest
HTI,Ouest
HTI,Nord
HND,Distrito Central
HKG,Kowloon and New Kowl
HKG,Hongkong
IDN,Jakarta Raya
IDN,East Java
IDN,West Java
IDN,Sumatera Utara
IDN,Sumatera Selatan
IDN,West Java
IDN,Central Java
IDN,Sulawesi Selatan
IDN,East Java
IDN,Lampung
IDN,West Java
IDN,Sumatera Barat
IDN,Central Java
IDN,Kalimantan Selatan
IDN,Riau
IDN,Bali
IDN,Yogyakarta
IDN,Kalimantan Barat
IDN,Kalimantan Timur
IDN,Jambi
IDN,West Java
IDN,West Java
IDN,Kalimantan Timur
IDN,Sulawesi Utara
IDN,Nusa Tenggara Barat
IDN,Central Java
IDN,Central Java
IDN,West Java
IDN,West Java
IDN,West Java
IDN,West Java
IDN,East Java
IDN,Molukit
IDN,East Java
IDN,Central Java
IDN,West Java
IDN,Sumatera Utara
IDN,Central Java
IDN,West Java
IDN,West Java
IDN,East Java
IDN,Bengkulu
IDN,West Java
IDN,Aceh
IDN,Sulawesi Tengah
IDN,East Java
IDN,Nusa Tenggara Timur
IDN,Sumatera Utara
IDN,Sumatera Utara
IDN,Sumatera Utara
IDN,West Java
IDN,East Java
IDN,Sumatera Selatan
IDN,Central Java
IDN,East Java
IDN,West Java
IDN,East Java
IDN,West Java
IDN,West Java
IDN,West Java
IDN,Aceh
IDN,East Java
IDN,Yogyakarta
IDN,West Java
IDN,Central Java
IDN,Central Java
IDN,Central Java
IDN,West Java
IDN,Kalimantan Tengah
IDN,East Java
IDN,West Java
IDN,West Java
IDN,Central Java
IDN,Sulawesi Tenggara
IDN,West Irian
IDN,Sulawesi Utara
IDN,West Java
IDN,West Java
IDN,East Java
IDN,Sumatera Utara
IDN,Riau
IDN,Sumatera Utara
IDN,West Java
IDN,East Java
IDN,Riau
IND,Maharashtra
IND,Delhi
IND,West Bengali
IND,Tamil Nadu
IND,Andhra Pradesh
IND,Gujarat
IND,Karnataka
IND,Uttar Pradesh
IND,Maharashtra
IND,Uttar Pradesh
IND,Maharashtra
IND,Gujarat
IND,Rajasthan
IND,Madhya Pradesh
IND,Madhya Pradesh
IND,Punjab
IND,Gujarat
IND,Maharashtra
IND,Tamil Nadu
IND,West Bengali
IND,Uttar Pradesh
IND,Bihar
IND,Jammu and Kashmir
IND,Uttar Pradesh
IND,Tamil Nadu
IND,Maharashtra
IND,Uttar Pradesh
IND,Uttar Pradesh
IND,Andhra Pradesh
IND,Madhya Pradesh
IND,Punjab
IND,Haryana
IND,Andhra Pradesh
IND,Madhya Pradesh
IND,Rajasthan
IND,Maharashtra
IND,Karnataka
IND,Maharashtra
IND,Jharkhand
IND,Uttar Pradesh
IND,Assam
IND,Maharashtra
IND,Kerala
IND,Gujarat
IND,Rajasthan
IND,Kerala
IND,Maharashtra
IND,Punjab
IND,Uttar Pradesh
IND,Chandigarh
IND,Karnataka
IND,Uttar Pradesh
IND,Andhra Pradesh
IND,Jharkhand
IND,Uttar Pradesh
IND,Andhra Pradesh
IND,Chhatisgarh
IND,Uttar Pradesh
IND,West Bengali
IND,Maharashtra
IND,Kerala
IND,Rajasthan
IND,Orissa
IND,Maharashtra
IND,Orissa
IND,Rajasthan
IND,Gujarat
IND,Tamil Nadu
IND,Chhatisgarh
IND,Maharashtra
IND,Uttar Pradesh
IND,Maharashtra
IND,Tamil Nadu
IND,Madhya Pradesh
IND,Maharashtra
IND,Gujarat
IND,Jharkhand
IND,Maharashtra
IND,Karnataka
IND,Andhra Pradesh
IND,Andhra Pradesh
IND,Rajasthan
IND,Maharashtra
IND,West Bengali
IND,Karnataka
IND,Delhi
IND,Uttar Pradesh
IND,Bihar
IND,Andhra Pradesh
IND,Maharashtra
IND,West Bengali
IND,Maharashtra
IND,Karnataka
IND,Uttaranchal
IND,West Bengali
IND,Karnataka
IND,West Bengali
IND,Bihar
IND,Karnataka
IND,West Bengali
IND,Uttar Pradesh
IND,Maharashtra
IND,Bihar
IND,Andhra Pradesh
IND,Uttar Pradesh
IND,Punjab
IND,Uttar Pradesh
IND,Andhra Pradesh
IND,Tamil Nadu
IND,Haryana
IND,West Bengali
IND,Uttar Pradesh
IND,Maharashtra
IND,West Bengali
IND,Bihar
IND,West Bengali
IND,Orissa
IND,Tamil Nadu
IND,Haryana
IND,Uttar Pradesh
IND,Maharashtra
IND,Jammu and Kashmir
IND,Andhra Pradesh
IND,Andhra Pradesh
IND,Orissa
IND,Rajasthan
IND,Pondicherry
IND,Tamil Nadu
IND,Bihar
IND,Tamil Nadu
IND,Manipur
IND,Maharashtra
IND,Madhya Pradesh
IND,Uttar Pradesh
IND,Maharashtra
IND,Maharashtra
IND,Tamil Nadu
IND,Karnataka
IND,Andhra Pradesh
IND,West Bengali
IND,Rajasthan
IND,Madhya Pradesh
IND,Tamil Nadu
IND,Tamil Nadu
IND,Maharashtra
IND,Chhatisgarh
IND,Karnataka
IND,West Bengali
IND,Maharashtra
IND,Tamil Nadu
IND,Maharashtra
IND,West Bengali
IND,Andhra Pradesh
IND,Kerala
IND,Andhra Pradesh
IND,Haryana
IND,Madhya Pradesh
IND,Haryana
IND,Tamil Nadu
IND,Uttar Pradesh
IND,Andhra Pradesh
IND,Gujarat
IND,Madhya Pradesh
IND,Madhya Pradesh
IND,Rajasthan
IND,Andhra Pradesh
IND,Tamil Nadu
IND,Andhra Pradesh
IND,Punjab
IND,Karnataka
IND,Tripura
IND,Bihar
IND,Madhya Pradesh
IND,Andhra Pradesh
IND,Mizoram
IND,West Bengali
IND,Bihar
IND,Tamil Nadu
IND,West Bengali
IND,Jharkhand
IND,West Bengali
IND,Uttar Pradesh
IND,Chhatisgarh
IND,Bihar
IND,Tamil Nadu
IND,West Bengali
IND,Andhra Pradesh
IND,Rajasthan
IND,Rajasthan
IND,Uttaranchal
IND,West Bengali
IND,Madhya Pradesh
IND,Uttar Pradesh
IND,Uttar Pradesh
IND,Maharashtra
IND,Madhya Pradesh
IND,Haryana
IND,Haryana
IND,Andhra Pradesh
IND,Orissa
IND,Kerala
IND,Tamil Nadu
IND,West Bengali
IND,Karnataka
IND,Uttar Pradesh
IND,West Bengali
IND,Bihar
IND,Rajasthan
IND,Uttar Pradesh
IND,Andhra Pradesh
IND,Uttar Pradesh
IND,Tamil Nadu
IND,Uttar Pradesh
IND,Karnataka
IND,Andhra Pradesh
IND,Andhra Pradesh
IND,West Bengali
IND,Gujarat
IND,West Bengali
IND,Meghalaya
IND,Orissa
IND,Gujarat
IND,Uttar Pradesh
IND,Madhya Pradesh
IND,Haryana
IND,Andhra Pradesh
IND,Uttar Pradesh
IND,Gujarat
IND,Andhra Pradesh
IND,West Bengali
IND,Maharashtra
IND,Chhatisgarh
IND,Tamil Nadu
IND,Orissa
IND,West Bengali
IND,Haryana
IND,Chhatisgarh
IND,Uttar Pradesh
IND,Uttar Pradesh
IND,Punjab
IND,Gujarat
IND,Kerala
IND,Gujarat
IND,Punjab
IND,Haryana
IND,Uttar Pradesh
IND,Haryana
IND,Andhra Pradesh
IND,Andhra Pradesh
IND,West Bengali
IND,West Bengali
IND,Karnataka
IND,Assam
IND,Andhra Pradesh
IND,West Bengali
IND,Tamil Nadu
IND,Uttar Pradesh
IND,Andhra Pradesh
IND,Uttar Pradesh
IND,Gujarat
IND,Assam
IND,West Bengali
IND,Jharkhand
IND,West Bengali
IND,Tamil Nadu
IND,West Bengali
IND,West Bengali
IND,Uttar Pradesh
IND,Maharashtra
IND,Tamil Nadu
IND,Gujarat
IND,Jharkhand
IND,West Bengali
IND,Madhya Pradesh
IND,Maharashtra
IND,Tamil Nadu
IND,Maharashtra
IND,West Bengali
IND,Punjab
IND,Madhya Pradesh
IND,Karnataka
IND,Andhra Pradesh
IND,Uttar Pradesh
IND,West Bengali
IND,Tamil Nadu
IND,Punjab
IND,Uttar Pradesh
IND,Tamil Nadu
IND,Uttar Pradesh
IND,Gujarat
IND,Andhra Pradesh
IND,Rajasthan
IND,Andhra Pradesh
IND,Gujarat
IND,Uttaranchal
IND,Kerala
IND,Maharashtra
IND,West Bengali
IND,Gujarat
IND,Uttar Pradesh
IND,Andhra Pradesh
IND,West Bengali
IND,West Bengali
IND,Andhra Pradesh
IND,West Bengali
IND,Madhya Pradesh
IND,West Bengali
IND,West Bengali
IND,West Bengali
IND,Rajasthan
IND,West Bengali
IND,Uttar Pradesh
IND,Tamil Nadu
IND,Bihar
IND,Jharkhand
IND,Tamil Nadu
IND,Uttar Pradesh
IND,Gujarat
IND,Karnataka
IND,West Bengali
IND,Maharashtra
IND,Gujarat
IND,Madhya Pradesh
IND,Madhya Pradesh
IND,Maharashtra
IND,Uttar Pradesh
IND,Bihar
IND,Delhi
IND,Madhya Pradesh
IND,West Bengali
IND,Assam
IND,Uttar Pradesh
IND,Madhya Pradesh
IND,Bihar
IND,Jharkhand
IND,Karnataka
IND,Haryana
IND,West Bengali
IND,Gujarat
IND,Chhatisgarh
IND,Gujarat
IRQ,Baghdad
IRQ,Ninawa
IRQ,Irbil
IRQ,al-Tamim
IRQ,Basra
IRQ,al-Sulaymaniya
IRQ,al-Najaf
IRQ,Karbala
IRQ,Babil
IRQ,DhiQar
IRQ,Maysan
IRQ,al-Qadisiya
IRQ,al-Anbar
IRQ,Wasit
IRQ,Diyala
IRN,Teheran
IRN,Khorasan
IRN,Esfahan
IRN,East Azerbaidzan
IRN,Fars
IRN,Teheran
IRN,Khuzestan
IRN,Qom
IRN,Kermanshah
IRN,West Azerbaidzan
IRN,Sistan va Baluchesta
IRN,Gilan
IRN,Hamadan
IRN,Kerman
IRN,Markazi
IRN,Ardebil
IRN,Yazd
IRN,Qazvin
IRN,Zanjan
IRN,Kordestan
IRN,Hormozgan
IRN,Lorestan
IRN,Teheran
IRN,Lorestan
IRN,Khuzestan
IRN,Khuzestan
IRN,Esfahan
IRN,Mazandaran
IRN,Golestan
IRN,Esfahan
IRN,Khorasan
IRN,Esfahan
IRN,Mazandaran
IRN,Khorasan
IRN,Mazandaran
IRN,West Azerbaidzan
IRN,Hamadan
IRN,Bushehr
IRN,Mazandaran
IRN,Teheran
IRN,Teheran
IRN,Kerman
IRN,Khorasan
IRN,East Azerbaidzan
IRN,Khorasan
IRN,Ilam
IRN,West Azerbaidzan
IRN,Khuzestan
IRN,Kordestan
IRN,Mazandaran
IRN,Qom
IRN,West Azerbaidzan
IRN,Teheran
IRN,Khuzestan
IRN,Khuzestan
IRN,Semnan
IRN,Fars
IRN,Sistan va Baluchesta
IRN,Chaharmahal va Bakht
IRN,Gilan
IRN,Kerman
IRN,East Azerbaidzan
IRN,Khorasan
IRN,Fars
IRN,Semnan
IRN,West Azerbaidzan
IRN,Esfahan
IRL,Leinster
IRL,Munster
ISR,Jerusalem
ISR,Tel Aviv
ISR,Haifa
ISR,Ha Merkaz
ISR,Ha Darom
ISR,Tel Aviv
ISR,Ha Merkaz
ISR,Ha Darom
ISR,Ha Merkaz
ISR,Tel Aviv
ISR,Tel Aviv
ISR,Tel Aviv
ISR,Ha Darom
ISR,Ha Merkaz
ITA,Latium
ITA,Lombardia
ITA,Campania
ITA,Piemonte
ITA,Sisilia
ITA,Liguria
ITA,Emilia-Romagna
ITA,Toscana
ITA,Sisilia
ITA,Apulia
ITA,Veneto
ITA,Sisilia
ITA,Veneto
ITA,Friuli-Venezia Giuli
ITA,Veneto
ITA,Apulia
ITA,Lombardia
ITA,Calabria
ITA,Emilia-Romagna
ITA,Toscana
ITA,Emilia-Romagna
ITA,Sardinia
ITA,Toscana
ITA,Umbria
ITA,Apulia
ITA,Emilia-Romagna
ITA,Campania
ITA,Emilia-Romagna
ITA,Emilia-Romagna
ITA,Emilia-Romagna
ITA,Sisilia
ITA,Sardinia
ITA,Lombardia
ITA,Lombardia
ITA,Abruzzit
ITA,Latium
ITA,Veneto
ITA,Umbria
ITA,Emilia-Romagna
ITA,Trentino-Alto Adige
ITA,Piemonte
ITA,Emilia-Romagna
ITA,Marche
ITA,Apulia
ITA,Trentino-Alto Adige
ITA,Calabria
ITA,Liguria
ITA,Friuli-Venezia Giuli
ITA,Campania
ITA,Apulia
ITA,Apulia
ITA,Campania
ITA,Toscana
ITA,Apulia
ITA,Toscana
ITA,Piemonte
ITA,Emilia-Romagna
ITA,Marche
TMP,Dili
AUT,Wien
AUT,Steiermark
AUT,North Austria
AUT,Salzburg
AUT,Tiroli
JAM,St. Catherine
JAM,St. Andrew
JAM,St. Andrew
JPN,Tokyo-to
JPN,Kanagawa
JPN,Osaka
JPN,Aichi
JPN,Hokkaido
JPN,Kyoto
JPN,Hyogo
JPN,Fukuoka
JPN,Kanagawa
JPN,Hiroshima
JPN,Fukuoka
JPN,Miyagi
JPN,Chiba
JPN,Osaka
JPN,Kumamoto
JPN,Okayama
JPN,Kanagawa
JPN,Shizuoka
JPN,Kagoshima
JPN,Chiba
JPN,Osaka
JPN,Tokyo-to
JPN,Niigata
JPN,Hyogo
JPN,Hyogo
JPN,Shizuoka
JPN,Saitama
JPN,Ehime
JPN,Chiba
JPN,Ishikawa
JPN,Saitama
JPN,Chiba
JPN,Saitama
JPN,Tochigi
JPN,Oita
JPN,Nagasaki
JPN,Kanagawa
JPN,Okayama
JPN,Gifu
JPN,Osaka
JPN,Hyogo
JPN,Osaka
JPN,Wakayama
JPN,Hiroshima
JPN,Kanagawa
JPN,Hokkaido
JPN,Tokyo-to
JPN,Nara
JPN,Osaka
JPN,Fukushima
JPN,Nagano
JPN,Aichi
JPN,Aichi
JPN,Osaka
JPN,Kagawa
JPN,Fukushima
JPN,Aichi
JPN,Saitama
JPN,Saitama
JPN,Toyama
JPN,Kochi
JPN,Chiba
JPN,Akita
JPN,Miyazaki
JPN,Saitama
JPN,Okinawa
JPN,Aomori
JPN,Hokkaido
JPN,Hyogo
JPN,Mie
JPN,Fukushima
JPN,Iwate
JPN,Gumma
JPN,Aichi
JPN,Shiga
JPN,Chiba
JPN,Osaka
JPN,Aichi
JPN,Tokushima
JPN,Hyogo
JPN,Osaka
JPN,Osaka
JPN,Yamaguchi
JPN,Yamagata
JPN,Fukui
JPN,Kanagawa
JPN,Ibaragi
JPN,Nagasaki
JPN,Aomori
JPN,Gumma
JPN,Shizuoka
JPN,Fukuoka
JPN,Shizuoka
JPN,Saitama
JPN,Tokyo-to
JPN,Kanagawa
JPN,Kanagawa
JPN,Shizuoka
JPN,Saitama
JPN,Kanagawa
JPN,Nagano
JPN,Hiroshima
JPN,Hyogo
JPN,Saitama
JPN,Tokyo-to
JPN,Kanagawa
JPN,Yamanashi
JPN,Hokkaido
JPN,Osaka
JPN,Ibaragi
JPN,Niigata
JPN,Hyogo
JPN,Kyoto
JPN,Mie
JPN,Aomori
JPN,Yamaguchi
JPN,Tokyo-to
JPN,Toyama
JPN,Hokkaido
JPN,Hokkaido
JPN,Saga
JPN,Chiba
JPN,Kanagawa
JPN,Tokyo-to
JPN,Osaka
JPN,Tokyo-to
JPN,Kanagawa
JPN,Tochigi
JPN,Mie
JPN,Saitama
JPN,Chiba
JPN,Ibaragi
JPN,Tokyo-to
JPN,Saitama
JPN,Osaka
JPN,Hokkaido
JPN,Aichi
JPN,Chiba
JPN,Tochigi
JPN,Gifu
JPN,Shimane
JPN,Hyogo
JPN,Tokyo-to
JPN,Saitama
JPN,Chiba
JPN,Tottori
JPN,Ibaragi
JPN,Saitama
JPN,Gumma
JPN,Fukuoka
JPN,Aichi
JPN,Tokyo-to
JPN,Osaka
JPN,Yamaguchi
JPN,Tokyo-to
JPN,Tottori
JPN,Osaka
JPN,Tokyo-to
JPN,Ibaragi
JPN,Niigata
JPN,Miyazaki
JPN,Saitama
JPN,Gifu
JPN,Osaka
JPN,Aichi
JPN,Aichi
JPN,Chiba
JPN,Oita
JPN,Ehime
JPN,Osaka
JPN,Shizuoka
JPN,Chiba
JPN,Miyazaki
JPN,Osaka
JPN,Nagano
JPN,Nara
JPN,Mie
JPN,Gumma
JPN,Kanagawa
JPN,Chiba
JPN,Chiba
JPN,Miyagi
JPN,Shizuoka
JPN,Osaka
JPN,Ehime
JPN,Fukushima
JPN,Hiroshima
JPN,Osaka
JPN,Hokkaido
JPN,Yamaguchi
JPN,Gumma
JPN,Okinawa
JPN,Shizuoka
JPN,Aichi
JPN,Kanagawa
JPN,Saitama
JPN,Tokyo-to
JPN,Nara
JPN,Hokkaido
JPN,Tokyo-to
JPN,Saitama
JPN,Shizuoka
JPN,Aichi
JPN,Hokkaido
JPN,Ishikawa
JPN,Kumamoto
JPN,Nagano
JPN,Yamaguchi
JPN,Tokyo-to
JPN,Tokyo-to
JPN,Yamaguchi
JPN,Shiga
JPN,Mie
JPN,Hyogo
JPN,Shiga
JPN,Saitama
JPN,Gifu
JPN,Osaka
JPN,Saitama
JPN,Mie
JPN,Yamagata
JPN,Fukuoka
JPN,Chiba
JPN,Yamagata
JPN,Tokyo-to
JPN,Chiba
JPN,Aichi
JPN,Aichi
JPN,Saitama
JPN,Kanagawa
JPN,Hyogo
JPN,Saitama
JPN,Okinawa
JPN,Yamagata
JPN,Aichi
JPN,Nara
JPN,Kyoto
JPN,Hiroshima
JPN,Saitama
JPN,Chiba
JPN,Nagasaki
JPN,Tochigi
JPN,Osaka
JPN,Kyoto
JPN,Chiba
JPN,Chiba
JPN,Niigata
JPN,Okayama
YEM,Sanaa
YEM,Aden
YEM,Taizz
YEM,Hodeida
YEM,Hadramawt
YEM,Ibb
JOR,Amman
JOR,al-Zarqa
JOR,Irbid
JOR,al-Zarqa
JOR,Amman
CXR,ï¿½
YUG,Central Serbia
YUG,Vojvodina
YUG,Central Serbia
YUG,Kosovo and Metohija
YUG,Central Serbia
YUG,Montenegro
YUG,Vojvodina
YUG,Kosovo and Metohija
KHM,Phnom Penh
KHM,Battambang
KHM,Siem Reap
CMR,Littoral
CMR,Centre
CMR,Nord
CMR,Extrï¿½me-Nord
CMR,Nord-Ouest
CMR,Ouest
CMR,Littoral
CAN,Alberta
CAN,Ontario
CAN,Ontario
CAN,Manitoba
CAN,Alberta
CAN,Ontario
CAN,Ontario
CAN,British Colombia
CAN,Ontario
CAN,Ontario
CAN,Ontario
CAN,Ontario
CAN,Quï¿½bec
CAN,British Colombia
CAN,Ontario
CAN,Ontario
CAN,Saskatchewan
CAN,Ontario
CAN,Ontario
CAN,Saskatchewan
CAN,British Colombia
CAN,Ontario
CAN,British Colombia
CAN,Ontario
CAN,Ontario
CAN,Ontario
CAN,Ontario
CAN,Ontario
CAN,Quï¿½bec
CAN,Ontario
CAN,Ontario
CAN,Ontario
CAN,Nova Scotia
CAN,Ontario
CAN,Nova Scotia
CAN,Ontario
CAN,Ontario
CAN,British Colombia
CAN,Ontario
CAN,Newfoundland
CAN,British Colombia
CAN,British Colombia
CAN,Quï¿½bec
CAN,British Colombia
CAN,Ontario
CAN,British Colombia
CAN,Ontario
KAZ,Almaty Qalasy
KAZ,Qaraghandy
KAZ,South Kazakstan
KAZ,Taraz
KAZ,Astana
KAZ,East Kazakstan
KAZ,Pavlodar
KAZ,East Kazakstan
KAZ,Qostanay
KAZ,North Kazakstan
KAZ,West Kazakstan
KAZ,Qaraghandy
KAZ,Qyzylorda
KAZ,Mangghystau
KAZ,Atyrau
KAZ,Pavlodar
KAZ,North Kazakstan
KAZ,Qostanay
KAZ,Almaty
KAZ,Qaraghandy
KEN,Nairobi
KEN,Coast
KEN,Nyanza
KEN,Rift Valley
KEN,Eastern
KEN,Rift Valley
KEN,Eastern
KEN,Central
CAF,Bangui
CHN,Shanghai
CHN,Peking
CHN,Chongqing
CHN,Tianjin
CHN,Hubei
CHN,Heilongjiang
CHN,Liaoning
CHN,Guangdong
CHN,Sichuan
CHN,Jiangsu
CHN,Jilin
CHN,Shaanxi
CHN,Liaoning
CHN,Shandong
CHN,Shandong
CHN,Zhejiang
CHN,Henan
CHN,Hebei
CHN,Shanxi
CHN,Yunnan
CHN,Hunan
CHN,Jiangxi
CHN,Fujian
CHN,Gansu
CHN,Guizhou
CHN,Zhejiang
CHN,Anhui
CHN,Xinxiang
CHN,Liaoning
CHN,Liaoning
CHN,Guangxi
CHN,Shandong
CHN,Heilongjiang
CHN,Jilin
CHN,Hebei
CHN,Inner Mongolia
CHN,Guangdong
CHN,Inner Mongolia
CHN,Hebei
CHN,Jiangsu
CHN,Jiangsu
CHN,Shanxi
CHN,Heilongjiang
CHN,Liaoning
CHN,Henan
CHN,Jiangsu
CHN,Qinghai
CHN,Anhui
CHN,Heilongjiang
CHN,Heilongjiang
CHN,Liaoning
CHN,Fujian
CHN,Guangxi
CHN,Guangdong
CHN,Liaoning
CHN,Heilongjiang
CHN,Ningxia
CHN,Jiangsu
CHN,Hebei
CHN,Liaoning
CHN,Heilongjiang
CHN,Henan
CHN,Heilongjiang
CHN,Liaoning
CHN,Hunan
CHN,Hebei
CHN,Jilin
CHN,Henan
CHN,Hubei
CHN,Hainan
CHN,Shandong
CHN,Anhui
CHN,Hunan
CHN,Shandong
CHN,Anhui
CHN,Jiangxi
CHN,Liaoning
CHN,Henan
CHN,Sichuan
CHN,Henan
CHN,Hubei
CHN,Hunan
CHN,Henan
CHN,Zhejiang
CHN,Guangdong
CHN,Sichuan
CHN,Heilongjiang
CHN,Shandong
CHN,Inner Mongolia
CHN,Hubei
CHN,Jiangsu
CHN,Anhui
CHN,Hebei
CHN,Guangxi
CHN,Guizhou
CHN,Liaoning
CHN,Shanxi
CHN,Liaoning
CHN,Jilin
CHN,Jiangsu
CHN,Shaanxi
CHN,Shandong
CHN,Inner Mongolia
CHN,Guangdong
CHN,Jiangsu
CHN,Sichuan
CHN,Shaanxi
CHN,Shandong
CHN,Jilin
CHN,Jilin
CHN,Shanxi
CHN,Shandong
CHN,Guangdong
CHN,Jiangsu
CHN,Guangdong
CHN,Anhui
CHN,Guangdong
CHN,Hunan
CHN,Hebei
CHN,Hunan
CHN,Xinxiang
CHN,Jiangsu
CHN,Jiangxi
CHN,Shandong
CHN,Hubei
CHN,Shandong
CHN,Jiangxi
CHN,Shaanxi
CHN,Guangdong
CHN,Hubei
CHN,Heilongjiang
CHN,Shandong
CHN,Inner Mongolia
CHN,Sichuan
CHN,Sichuan
CHN,Guizhou
CHN,Ningxia
CHN,Sichuan
CHN,Inner Mongolia
CHN,Liaoning
CHN,Liaoning
CHN,Anhui
CHN,Hunan
CHN,Shandong
CHN,Hebei
CHN,Gansu
CHN,Henan
CHN,Hebei
CHN,Sichuan
CHN,Jiangsu
CHN,Jilin
CHN,Jilin
CHN,Guangdong
CHN,Anhui
CHN,Heilongjiang
CHN,Jilin
CHN,Hubei
CHN,Liaoning
CHN,Jiangxi
CHN,Zhejiang
CHN,Jilin
CHN,Heilongjiang
CHN,Guangdong
CHN,Heilongjiang
CHN,Yunnan
CHN,Jiangsu
CHN,Henan
CHN,Zhejiang
CHN,Guangxi
CHN,Jilin
CHN,Henan
CHN,Shandong
CHN,Liaoning
CHN,Hubei
CHN,Gansu
CHN,Heilongjiang
CHN,Jiangsu
CHN,Shandong
CHN,Xinxiang
CHN,Heilongjiang
CHN,Shandong
CHN,Fujian
CHN,Guangdong
CHN,Liaoning
CHN,Jiangxi
CHN,Jilin
CHN,Henan
CHN,Jiangsu
CHN,Shanxi
CHN,Hubei
CHN,Hubei
CHN,Shandong
CHN,Sichuan
CHN,Shanxi
CHN,Hubei
CHN,Hunan
CHN,Fujian
CHN,Shandong
CHN,Sichuan
CHN,Sichuan
CHN,Jiangsu
CHN,Fujian
CHN,Inner Mongolia
CHN,Sichuan
CHN,Jilin
CHN,Heilongjiang
CHN,Zhejiang
CHN,Anhui
CHN,Guangdong
CHN,Yunnan
CHN,Xinxiang
CHN,Jilin
CHN,Henan
CHN,Jilin
CHN,Sichuan
CHN,Xinxiang
CHN,Guizhou
CHN,Sichuan
CHN,Jiangxi
CHN,Shaanxi
CHN,Jiangsu
CHN,Hunan
CHN,Hubei
CHN,Henan
CHN,Guangdong
CHN,Guangdong
CHN,Xinxiang
CHN,Inner Mongolia
CHN,Zhejiang
CHN,Hubei
CHN,Jiangsu
CHN,Xinxiang
CHN,Guangdong
CHN,Hubei
CHN,Fujian
CHN,Inner Mongolia
CHN,Xinxiang
CHN,Sichuan
CHN,Zhejiang
CHN,Zhejiang
CHN,Shandong
CHN,Shandong
CHN,Jiangsu
CHN,Anhui
CHN,Jiangxi
CHN,Jilin
CHN,Shandong
CHN,Jiangxi
CHN,Shandong
CHN,Hebei
CHN,Henan
CHN,Sichuan
CHN,Guangxi
CHN,Zhejiang
CHN,Anhui
CHN,Heilongjiang
CHN,Hubei
CHN,Shaanxi
CHN,Shaanxi
CHN,Jilin
CHN,Jilin
CHN,Hunan
CHN,Shandong
CHN,Hubei
CHN,Yunnan
CHN,Heilongjiang
CHN,Shanxi
CHN,Fujian
CHN,Sichuan
CHN,Shandong
CHN,Heilongjiang
CHN,Shandong
CHN,Inner Mongolia
CHN,Gansu
CHN,Guizhou
CHN,Heilongjiang
CHN,Jiangxi
CHN,Xinxiang
CHN,Guangdong
CHN,Jilin
CHN,Liaoning
CHN,Jiangsu
CHN,Hunan
CHN,Inner Mongolia
CHN,Shandong
CHN,Hunan
CHN,Shandong
CHN,Jiangsu
CHN,Hunan
CHN,Henan
CHN,Anhui
CHN,Liaoning
CHN,Shandong
CHN,Anhui
CHN,Hubei
CHN,Sichuan
CHN,Henan
CHN,Jiangxi
CHN,Shandong
CHN,Henan
CHN,Guangdong
CHN,Inner Mongolia
CHN,Tibet
CHN,Hunan
CHN,Xinxiang
CHN,Hubei
CHN,Hunan
CHN,Guangxi
CHN,Hebei
CHN,Zhejiang
CHN,Guangxi
CHN,Guizhou
CHN,Shaanxi
CHN,Guangxi
CHN,Anhui
CHN,Zhejiang
CHN,Fujian
CHN,Hunan
CHN,Jiangsu
CHN,Jiangsu
CHN,Gansu
CHN,Hunan
CHN,Shanxi
CHN,Guangdong
CHN,Zhejiang
CHN,Hunan
CHN,Anhui
CHN,Gansu
2218,Fuï¿½an,CHN,Fujian
CHN,Jiangsu
CHN,Hubei
CHN,Hebei
CHN,Hubei
CHN,Heilongjiang
CHN,Hainan
CHN,Hubei
CHN,Anhui
CHN,Liaoning
CHN,Shandong
CHN,Jiangsu
CHN,Zhejiang
CHN,Gansu
CHN,Fujian
CHN,Shanxi
CHN,Guangdong
CHN,Jiangsu
CHN,Peking
CHN,Sichuan
CHN,Liaoning
CHN,Sichuan
CHN,Hubei
CHN,Guangxi
CHN,Henan
CHN,Yunnan
CHN,Jilin
CHN,Fujian
CHN,Zhejiang
CHN,Inner Mongolia
CHN,Fujian
CHN,Shandong
CHN,Sichuan
CHN,Shandong
CHN,Zhejiang
KGZ,Bishkek shaary
KGZ,Osh
KIR,South Tarawa
KIR,South Tarawa
COL,Valle
COL,Antioquia
COL,Norte de Santander
COL,Santander
COL,Tolima
COL,Risaralda
COL,Magdalena
COL,Caldas
COL,Antioquia
COL,Huila
COL,Meta
COL,Cundinamarca
COL,Cesar
COL,Antioquia
COL,Valle
COL,Valle
COL,Santander
COL,Sucre
COL,Cauca
COL,Santander
COL,Risaralda
COL,Valle
COL,Antioquia
COL,Valle
COL,Cundinamarca
COL,Valle
COL,La Guajira
COL,Santander
COM,Njazidja
COG,Brazzaville
COG,Kouilou
COD,Kinshasa
COD,Shaba
COD,East Kasai
COD,Shaba
COD,West Kasai
COD,Shaba
COD,South Kivu
COD,Bandundu
COD,West Kasai
COD,Equateur
COD,East Kasai
COD,South Kivu
COD,North Kivu
COD,North Kivu
COD,Shaba
CCK,Home Island
CCK,West Island
PRK,Pyongyang-si
PRK,Hamgyong N
PRK,Hamgyong P
PRK,Nampo-si
PRK,Pyongan P
PRK,Kangwon
PRK,Pyongan N
PRK,Hwanghae P
PRK,Hwanghae N
PRK,Chagang
PRK,Hamgyong P
PRK,Yanggang
PRK,Kaesong-si
KOR,Seoul
KOR,Pusan
KOR,Inchon
KOR,Taegu
KOR,Taejon
KOR,Kwangju
KOR,Kyongsangnam
KOR,Kyonggi
KOR,Kyonggi
KOR,Kyonggi
KOR,Kyonggi
KOR,Chollabuk
KOR,Chungchongbuk
KOR,Kyonggi
KOR,Kyonggi
KOR,Kyongsangbuk
KOR,Kyongsangnam
KOR,Kyongsangnam
KOR,Kyonggi
KOR,Chungchongnam
KOR,Kyongsangnam
KOR,Chollabuk
KOR,Kyonggi
KOR,Kyongsangbuk
KOR,Kyonggi
KOR,Kyongsangbuk
KOR,Chollabuk
KOR,Cheju
KOR,Kyongsangnam
KOR,Chollanam
KOR,Chollanam
KOR,Kyonggi
KOR,Kang-won
KOR,Kyonggi
KOR,Kang-won
KOR,Kyonggi
KOR,Kang-won
KOR,Chungchongbuk
KOR,Kyongsangbuk
KOR,Chollanam
KOR,Kyongsangbuk
KOR,Kyonggi
KOR,Kyongsangnam
KOR,Kyonggi
KOR,Chungchongnam
KOR,Kyongsangnam
KOR,Kyongsangbuk
KOR,Chungchongnam
KOR,Kyonggi
KOR,Chollabuk
KOR,Chungchongbuk
KOR,Chungchongnam
KOR,Kyonggi
KOR,Kyongsangnam
KOR,Chungchongnam
KOR,Kyongsangbuk
KOR,Kyongsangnam
KOR,Kyongsangbuk
KOR,Chungchongnam
KOR,Chollanam
KOR,Kyongsangnam
KOR,Kyonggi
KOR,Chollabuk
KOR,Kyongsangbuk
KOR,Kyongsangnam
KOR,Kyonggi
KOR,Chollanam
KOR,Chollabuk
KOR,Kang-won
KOR,Kyongsangbuk
GRC,Attika
GRC,Central Macedonia
GRC,Attika
GRC,West Greece
GRC,Attika
GRC,Crete
GRC,Attika
GRC,Thessalia
HRV,Grad Zagreb
HRV,Split-Dalmatia
HRV,Primorje-Gorski Kota
HRV,Osijek-Baranja
CUB,La Habana
CUB,Santiago de Cuba
CUB,Villa Clara
CUB,Granma
CUB,Cienfuegos
CUB,Las Tunas
CUB,Matanzas
CUB,Granma
KWT,Hawalli
KWT,Hawalli
KWT,al-Asima
CYP,Nicosia
CYP,Limassol
LAO,Viangchan
LAO,Savannakhet
LVA,Riika
LVA,Daugavpils
LVA,Liepaja
LSO,Maseru
LBN,Beirut
LBN,al-Shamal
LBR,Montserrado
LBY,Tripoli
LBY,Bengasi
LBY,Misrata
LBY,al-Zawiya
LIE,Schaan
LIE,Vaduz
LTU,Vilna
LTU,Kaunas
LTU,Klaipeda
LTU,Panevezys
LUX,Luxembourg
MAC,Macau
MDG,Antananarivo
MDG,Toamasina
MDG,Antananarivo
MDG,Mahajanga
MDG,Fianarantsoa
MKD,Skopje
MWI,Blantyre
MWI,Lilongwe
MDV,Maale
MYS,Wilayah Persekutuan
MYS,Perak
MYS,Johor
MYS,Selangor
MYS,Selangor
MYS,Terengganu
MYS,Pulau Pinang
MYS,Kelantan
MYS,Pahang
MYS,Perak
MYS,Negeri Sembilan
MYS,Sarawak
MYS,Sarawak
MYS,Sabah
MYS,Kedah
MYS,Selangor
MYS,Kedah
MYS,Selangor
MLI,Bamako
MLT,Outer Harbour
MLT,Inner Harbour
MAR,Casablanca
MAR,Marrakech-Tensift-Al
MAR,Oriental
MAR,Doukkala-Abda
MAR,Casablanca
MAR,Chaouia-Ouardigha
MAR,Tadla-Azilal
MAR,Doukkala-Abda
MAR,Oriental
MAR,Chaouia-Ouardigha
MAR,Taza-Al Hoceima-Taou
MHL,Majuro
MTQ,Fort-de-France
MRT,Nouakchott
MUS,Port-Louis
MUS,Plaines Wilhelms
MUS,Plaines Wilhelms
MYT,Mamoutzou
MEX,Distrito Federal
MEX,Jalisco
MEX,Puebla
MEX,Chihuahua
MEX,Baja California
MEX,Guanajuato
MEX,Jalisco
MEX,Baja California
MEX,Sinaloa
MEX,Guerrero
MEX,Chihuahua
MEX,Aguascalientes
MEX,Sonora
MEX,Coahuila de Zaragoza
MEX,Coahuila de Zaragoza
MEX,Tabasco
MEX,Durango
MEX,Jalisco
MEX,Veracruz
MEX,Guanajuato
MEX,Chiapas
MEX,Tamaulipas
MEX,Quintana Roo
MEX,Tamaulipas
MEX,Veracruz
MEX,Guanajuato
MEX,Sinaloa
MEX,Baja California
MEX,Sinaloa
MEX,Sonora
MEX,Morelos
MEX,Jalisco
MEX,Tamaulipas
MEX,Nayarit
MEX,Tamaulipas
MEX,SinaloaMEX,Durango
MEX,Chiapas
MEX,Veracruz
MEX,Tamaulipas
MEX,Oaxaca
MEX,Hidalgo
MEX,Guanajuato
MEX,Puebla
MEX,Tabasco
MEX,Campeche
MEX,Quintana Roo
MEX,Baja California Sur
MEX,Coahuila de Zaragoza
MEX,Guerrero
MEX,Jalisco
MEX,Zacatecas
MEX,Tamaulipas
MEX,Veracruz
MEX,Chiapas
MEX,Campeche
MEX,Morelos
MEX,Veracruz
MEX,Tabasco
MEX,Sonora
MEX,Tabasco
MEX,Morelos
MEX,Veracruz
MEX,Veracruz
MEX,Sinaloa
MEX,Sonora
MEX,Guanajuato
MEX,Veracruz
MEX,Guanajuato
MEX,Sonora
MEX,Veracruz-Llave
MEX,Guanajuato
MEX,Guanajuato
MEX,Tabasco
MEX,Oaxaca
MEX,Chiapas
MEX,Guanajuato
MEX,Sonora
MEX,Colima
MEX,Guanajuato
MEX,Jalisco
MEX,Coahuila de Zaragoza
MEX,Tamaulipas
MEX,Veracruz
MEX,Chihuahua
MEX,Colima
MEX,Guerrero
MEX,Zacatecas
MEX,Jalisco
MEX,Hidalgo
MEX,Puebla
MEX,Jalisco
MEX,Veracruz
MEX,Veracruz
MEX,Puebla
MEX,Chihuahua
MEX,Tamaulipas
MEX,Durango
MEX,Guanajuato
MEX,Coahuila de Zaragoza
MEX,Zacatecas
MEX,Hidalgo
MEX,Baja California Sur
MEX,Chiapas
MEX,Tabasco
MEX,Tamaulipas
MEX,Veracruz
MEX,Guerrero
MEX,Chihuahua
MEX,Guanajuato
MEX,Guerrero
MEX,Puebla
MEX,Colima
MEX,Chiapas
MEX,Veracruz
MEX,Guanajuato
MEX,Guerrero
MEX,Nayarit
MEX,Guanajuato
MEX,Veracruz
MEX,Guanajuato
MEX,Morelos
MEX,Coahuila de Zaragoza
MEX,Veracruz
MEX,Sinaloa
MEX,Veracruz
FSM,Chuuk
FSM,Pohnpei
MDA,Chisinau
MDA,Dnjestria
MDA,Balti
MNG,Ulaanbaatar
MSR,Plymouth
MOZ,Maputo
MOZ,Maputo
MOZ,Sofala
MOZ,Nampula
MOZ,Manica
MOZ,Nampula
MOZ,Tete
MOZ,Gaza
MOZ,Inhambane
MMR,Rangoon [Yangon]
MMR,Mandalay
MMR,Mon
MMR,Pegu [Bago]
MMR,Irrawaddy [Ayeyarwad]
MMR,Sagaing
MMR,Rakhine
MMR,Shan
MMR,Mandalay
MMR,Tenasserim [Tanintha]
MMR,Shan
MMR,Pegu [Bago]
MMR,Irrawaddy [Ayeyarwad]
MMR,Mandalay
MMR,Tenasserim [Tanintha]
MMR,Magwe [Magway]
NAM,Khomas
NPL,Central
NPL,Eastern
NPL,Western
NPL,Central
NPL,Central
NIC,Managua
NIC,Chinandega
NIC,Masaya
NER,Niamey
NER,Zinder
NER,Maradi
NGA,Lagos
NGA,Oyo & Osun
NGA,Oyo & Osun
NGA,Kano & Jigawa
NGA,Oyo & Osun
NGA,Kwara & Kogi
NGA,Ogun
NGA,Rivers & Bayelsa
NGA,Kaduna
NGA,Oyo & Osun
NGA,Anambra & Enugu & Eb
NGA,Oyo & Osun
NGA,Ondo & Ekiti
NGA,Federal Capital Dist
NGA,Kaduna
NGA,Lagos
NGA,Borno & Yobe
NGA,Anambra & Enugu & Eb
NGA,Oyo & Osun
NGA,Imo & Abia
NGA,Oyo & Osun
NGA,Oyo & Osun
NGA,Oyo & Osun
NGA,Ondo & Ekiti
NGA,Edo & Delta
NGA,Oyo & Osun
NGA,Katsina
NGA,Plateau & Nassarawa
NGA,Sokoto & Kebbi & Zam
NGA,Oyo & Osun
NGA,Kwara & Kogi
NGA,Lagos
NGA,Ondo & Ekiti
NGA,Ondo & Ekiti
NGA,Oyo & Osun
NGA,Oyo & Osun
NGA,Cross River
NGA,Ondo & Ekiti
NGA,Ondo & Ekiti
NGA,Sokoto & Kebbi & Zam
NGA,Ogun
NGA,Oyo & Osun
NGA,Bauchi & Gombe
NGA,Lagos
NGA,Ondo & Ekiti
NGA,Ondo & Ekiti
NGA,Edo & Delta
NGA,Bauchi & Gombe
NGA,Niger
NGA,Edo & Delta
NGA,Niger
NGA,Oyo & Osun
NGA,Benue
NGA,Plateau & Nassarawa
NGA,Oyo & Osun
NGA,Ogun
NGA,Anambra & Enugu & Eb
NGA,Bauchi & Gombe
NGA,Oyo & Osun
NGA,Oyo & Osun
NGA,Lagos
NGA,Ondo & Ekiti
NGA,Cross River
NGA,Lagos
NOR,Oslo
NOR,Hordaland
NOR,Rogaland
CIV,Abidjan
CIV,Yamoussoukro
CIV,Daloa
CIV,Korhogo
OMN,Masqat
OMN,Zufar
OMN,Masqat
OMN,al-Batina
OMN,Masqat
PAK,Sindh
PAK,Punjab
PAK,Punjab
PAK,Punjab
PAK,Punjab
PAK,Sindh
PAK,Punjab
PAK,Nothwest Border Prov
PAK,Baluchistan
PAK,Islamabad
PAK,Punjab
PAK,Punjab
PAK,Punjab
PAK,Sindh
PAK,Punjab
PAK,Punjab
PAK,Sindh
PAK,Punjab
PAK,Nothwest Border Prov
PAK,Punjab
PAK,Punjab
PAK,Punjab
PAK,Punjab
PAK,Punjab
PAK,Punjab
PAK,Sind
PAK,Sind
PAK,Nothwest Border Prov
PAK,Punjab
PAK,Punjab
PAK,Punjab
PAK,Punjab
PAK,Punjab
PAK,Sind
PAK,Sind
PAK,Punjab
PAK,Punjab
PAK,Nothwest Border Prov
PAK,Punjab
PAK,Punjab
PAK,Punjab
PAK,Punjab
PAK,Punjab
PAK,Punjab
PAK,Nothwest Border Prov
PAK,Sind
PAK,Punjab
PAK,Sind
PAK,Punjab
PAK,Punjab
PAK,Sind
PAK,Punjab
PAK,Punjab
PAK,Punjab
PAK,Baluchistan
PAK,Punjab
PAK,Nothwest Border Prov
PAK,Punjab
PAK,Nothwest Border Prov
PLW,Koror
PAN,San Miguelito
PNG,National Capital Dis
PRY,Central
PRY,Central
PER,Lima
PER,Arequipa
PER,La Libertad
PER,Lambayeque
PER,Callao
PER,Loreto
PER,Ancash
PER,Junï¿½n
PER,Piura
PER,Cusco
PER,Ucayali
PER,Tacna
PER,Ica
PER,Piura
PER,Puno
PER,Huanuco
PER,Ayacucho
PER,Ica
PER,Cajamarca
PER,Puno
PER,Callao
PER,Piura
PCN,ï¿½
MNP,Saipan
PRT,Lisboa
PRT,Porto
PRT,Lisboa
PRT,Braga
PRI,San Juan
PRI,Ponce
PRI,Carolina
PRI,Caguas
PRI,Arecibo
PRI,Guaynabo
PRI,Toa Baja
POL,Mazowieckie
POL,Lodzkie
POL,Malopolskie
POL,Dolnoslaskie
POL,Wielkopolskie
POL,Pomorskie
POL,Zachodnio-Pomorskie
POL,Kujawsko-Pomorskie
POL,Lubelskie
POL,Slaskie
POL,Podlaskie
POL,Slaskie
POL,Pomorskie
POL,Slaskie
POL,Mazowieckie
POL,Swietokrzyskie
POL,Slaskie
POL,Kujawsko-Pomorskie
POL,Slaskie
POL,Slaskie
POL,Slaskie
POL,Warminsko-Mazurskie
POL,Podkarpackie
POL,Slaskie
POL,Slaskie
POL,Dolnoslaskie
POL,Slaskie
POL,Slaskie
POL,Mazowieckie
POL,Warminsko-Mazurskie
POL,Opolskie
POL,Lubuskie
POL,Kujawsko-Pomorskie
POL,Slaskie
POL,Malopolskie
POL,Lubuskie
POL,Zachodnio-Pomorskie
POL,Dolnoslaskie
POL,Wielkopolskie
POL,Kujawsko-Pomorskie
POL,Pomorskie
POL,Slaskie
POL,Slaskie
POL,Dolnoslaskie
GNQ,Bioko
QAT,Doha
FRA,Pays de la Loire
FRA,Alsace
FRA,Languedoc-Roussillon
FRA,Aquitaine
FRA,Haute-Normandie
FRA,Champagne-Ardenne
FRA,Nord-Pas-de-Calais
FRA,Bretagne
FRA,Pays de la Loire
FRA,Bourgogne
FRA,Bretagne
FRA,Pays de la Loire
FRA,Auvergne
FRA,Picardie
FRA,Limousin
FRA,Languedoc-Roussillon
FRA,Centre
FRA,Lorraine
FRA,Basse-Normandie
FRA,Centre
FRA,Alsace
FRA,Haute-Normandie
FRA,Languedoc-Roussillon
FRA,Lorraine
FRA,Nord-Pas-de-Calais
FRA,Nord-Pas-de-Calais
GUF,Cayenne
PYF,Tahiti
PYF,Tahiti
REU,Saint-Denis
ROM,Bukarest
ROM,Iasi
ROM,Constanta
ROM,Cluj
ROM,Galati
ROM,Timis
ROM,Brasov
ROM,Dolj
ROM,Prahova
ROM,Braila
ROM,Bihor
ROM,Bacau
ROM,Arges
ROM,Arad
ROM,Sibiu
ROM,Mures
ROM,Maramures
ROM,Buzau
ROM,Satu Mare
ROM,Botosani
ROM,Neamt
ROM,Suceava
ROM,Mehedinti
ROM,Vrancea
ROM,Tulcea
ROM,Caras-Severin
RWA,Kigali
SWE,Lisboa
SHN,Saint Helena
KNA,St George Basseterre
LCA,Castries
VCT,St George
SPM,Saint-Pierre
DEU,Berliini
DEU,Hamburg
DEU,Baijeri
DEU,Nordrhein-Westfalen
DEU,Hessen
DEU,Nordrhein-Westfalen
DEU,Nordrhein-Westfalen
DEU,Nordrhein-Westfalen
DEU,Bremen
DEU,Nordrhein-Westfalen
DEU,Niedersachsen
DEU,Saksi
DEU,Baijeri
DEU,Saksi
DEU,Nordrhein-Westfalen
DEU,Nordrhein-Westfalen
DEU,Nordrhein-Westfalen
DEU,Nordrhein-Westfalen
DEU,Nordrhein-Westfalen
DEU,Hessen
DEU,Nordrhein-Westfalen
DEU,Nordrhein-Westfalen
DEU,Saksi
DEU,Baijeri
DEU,Anhalt Sachsen
DEU,Niedersachsen
DEU,Nordrhein-Westfalen
DEU,Nordrhein-Westfalen
DEU,Anhalt Sachsen
DEU,Schleswig-Holstein
DEU,Nordrhein-Westfalen
DEU,Schleswig-Holstein
DEU,Nordrhein-Westfalen
DEU,Mecklenburg-Vorpomme
DEU,Hessen
DEU,Saarland
DEU,Rheinland-Pfalz
DEU,Nordrhein-Westfalen
DEU,Nordrhein-Westfalen
DEU,Nordrhein-Westfalen
DEU,Nordrhein-Westfalen
DEU,Niedersachsen
DEU,Rheinland-Pfalz
DEU,Nordrhein-Westfalen
DEU,Niedersachsen
DEU,Nordrhein-Westfalen
DEU,Hessen
DEU,Nordrhein-Westfalen
DEU,Brandenburg
DEU,Baijeri
DEU,Baijeri
DEU,Nordrhein-Westfalen
DEU,Niedersachsen
DEU,Bremen
DEU,Niedersachsen
DEU,Nordrhein-Westfalen
DEU,Nordrhein-Westfalen
DEU,Hessen
DEU,Baijeri
DEU,Niedersachsen
DEU,Brandenburg
DEU,Nordrhein-Westfalen
DEU,Rheinland-Pfalz
DEU,Nordrhein-Westfalen
DEU,Nordrhein-Westfalen
DEU,Saksi
DEU,Niedersachsen
DEU,Nordrhein-Westfalen
DEU,Mecklenburg-Vorpomme
DEU,Baijeri
DEU,Rheinland-Pfalz
DEU,Rheinland-Pfalz
DEU,Thï¿½ringen
DEU,Nordrhein-Westfalen
DEU,Nordrhein-Westfalen
DEU,Nordrhein-Westfalen
DEU,Nordrhein-Westfalen
DEU,Nordrhein-Westfalen
DEU,Nordrhein-Westfalen
DEU,Nordrhein-Westfalen
SLB,Honiara
ZMB,Lusaka
ZMB,Copperbelt
ZMB,Copperbelt
ZMB,Central
ZMB,Copperbelt
ZMB,Copperbelt
ZMB,Copperbelt
WSM,Upolu
SMR,Serravalle/Dogano
SMR,San Marino
STP,Aqua Grande
SAU,Riyadh
SAU,Mekka
SAU,Mekka
SAU,Medina
SAU,al-Sharqiya
SAU,Mekka
SAU,Tabuk
SAU,al-Qasim
SAU,al-Sharqiya
SAU,al-Sharqiya
SAU,Asir
SAU,Hail
SAU,Riad
SAU,al-Sharqiya
SAU,al-Sharqiya
SAU,al-Sharqiya
SAU,al-Sharqiya
SAU,Medina
SAU,Asir
SAU,al-Khudud al-Samaliy
SAU,al-Sharqiya
SAU,Mekka
SAU,Qasim
SAU,Najran
SEN,Cap-Vert
SEN,Cap-Vert
SEN,Kaolack
SEN,Ziguinchor
SEN,Cap-Vert
SEN,Saint-Louis
SEN,Diourbel
SLE,Western
SVK,Bratislava
SVN,Osrednjeslovenska
SVN,Podravska
SOM,Banaadir
SOM,Woqooyi Galbeed
SOM,Jubbada Hoose
LKA,Western
LKA,Western
LKA,Western
LKA,Northern
LKA,Central
LKA,Western
LKA,Western
SDN,Khartum
SDN,Khartum
SDN,Khartum
SDN,al-Bahr al-Ahmar
SDN,Kassala
SDN,Kurdufan al-Shamaliy
SDN,Darfur al-Janubiya
SDN,al-Jazira
SDN,al-Qadarif
SDN,al-Bahr al-Abyad
SDN,Darfur al-Shamaliya
SDN,Bahr al-Jabal
FIN,Newmaa
FIN,Newmaa
FIN,Pirkanmaa
FIN,Newmaa
FIN,Varsinais-Suomi
FIN,Pohjois-Pohjanmaa
SUR,Paramaribo
SWZ,Hhohho
CHE,Geneve
CHE,Basel-Stadt
CHE,Bern
CHE,Vaud
SYR,Damascus
SYR,Aleppo
SYR,Hims
SYR,Hama
SYR,Latakia
SYR,al-Hasaka
SYR,Dayr al-Zawr
SYR,Damaskos
SYR,Damaskos
SYR,al-Raqqa
SYR,Idlib
TJK,Karotegin
TJK,Khujand
TWN,Taipei
TWN,Kaohsiung
TWN,Taichung
TWN,Tainan
TWN,Taipei
TWN,Taipei
TWN,Keelung
TWN,Taipei
TWN,Taipei
TWN,Hsinchu
TWN,Taoyuan
TWN,Kaohsiung
TWN,Taoyuan
TWN,Chiayi
TWN,Taipei
TWN,Changhwa
TWN,Taipei
TWN,Taipei
TWN,Pingtung
TWN,Tainan
TWN,Taoyuan
TWN,Taichung
TWN,Taoyuan
TWN,Taichung
TWN,Taipei
TWN,Taipei
TWN,Taipei
TWN,Changhwa
TWN,Taoyuan
TWN,Taipei
TWN,Taitung
TWN,Hualien
TWN,Nantou
TWN,Taipei
TWN,Yï¿½nlin
TWN,Nantou
TWN,Kaohsiung
TWN,Ilan
TWN,Miaoli
TZA,Dar es Salaam
TZA,Dodoma
TZA,Mwanza
TZA,Zanzibar West
TZA,Tanga
TZA,Mbeya
TZA,Morogoro
TZA,Arusha
TZA,Kilimanjaro
TZA,Tabora
DNK,Fyn
DNK,Nordjylland
DNK,Frederiksberg
THA,Bangkok
THA,Nonthaburi
THA,Nakhon Ratchasima
THA,Chiang Mai
THA,Udon Thani
THA,Songkhla
THA,Khon Kaen
THA,Nonthaburi
THA,Nakhon Sawan
THA,Ubon Ratchathani
THA,Songkhla
THA,Nakhon Pathom
TGO,Maritime
TKL,Fakaofo
TON,Tongatapu
TTO,Caroni
TTO,Port-of-Spain
TCD,Chari-Baguirmi
TCD,Logone Occidental
TUN,Tunis
TUN,Sfax
TUN,Ariana
TUN,Ariana
TUN,Sousse
TUN,Kairouan
TUN,Biserta
TUR,Istanbul
TUR,Ankara
TUR,Izmir
TUR,Adana
TUR,Bursa
TUR,Gaziantep
TUR,Konya
TUR,Antalya
TUR,Diyarbakir
TUR,Kayseri
TUR,Eskisehir
TUR,Sanliurfa
TUR,Samsun
TUR,Malatya
TUR,Kocaeli
TUR,Denizli
TUR,Sivas
TUR,Erzurum
TUR,Adana
TUR,Kahramanmaras
TUR,Van
TUR,Istanbul
TUR,Kocaeli
TUR,Manisa
TUR,Batman
TUR,Balikesir
TUR,Sakarya
TUR,Hatay
TUR,Osmaniye
TUR,Hatay
TUR,Kirikkale
TUR,Adiyaman
TUR,Trabzon
TUR,Ordu
TUR,Aydin
TUR,Usak
TUR,Edirne
TUR,Tekirdag
TUR,Isparta
TUR,Kilis
TUR,Antalya
TUR,Mardin
TUR,Zonguldak
TUR,Siirt
TUR,Sanliurfa
TUR,Tekirdag
TUR,Karaman
TUR,Afyon
TUR,Aksaray
TUR,Adana
TUR,Erzincan
TUR,Diyarbakir
TUR,Aydin
TUR,Tokat
TUR,Kars
TUR,Bursa
TUR,Balikesir
TKM,Ahal
TKM,Lebap
TKM,Dashhowuz
TKM,Mary
TCA,Grand Turk
TUV,Funafuti
UGA,Central
UKR,Kiova
UKR,Harkova
UKR,Dnipropetrovsk
UKR,Donetsk
UKR,Odesa
UKR,Zaporizzja
UKR,Lviv
UKR,Dnipropetrovsk
UKR,Mykolajiv
UKR,Donetsk
UKR,Lugansk
UKR,Vinnytsja
UKR,Donetsk
UKR,Herson
UKR,Krim
UKR,Krim
UKR,Pultava
UKR,Donetsk
UKR,Zytomyr
UKR,Sumy
UKR,Dnipropetrovsk
UKR,Kirovograd
UKR,Hmelnytskyi
UKR,Rivne
UKR,Pultava
UKR,Ivano-Frankivsk
UKR,Ternopil
UKR,Volynia
UKR,Kiova
UKR,Donetsk
UKR,Zaporizzja
UKR,Krim
UKR,Dnipropetrovsk
UKR,Zaporizzja
UKR,Dnipropetrovsk
UKR,Lugansk
UKR,Donetsk
UKR,Taka-Karpatia
UKR,Lugansk
UKR,Lugansk
UKR,Krim
UKR,Hmelnytskyi
UKR,Donetsk
UKR,Lugansk
UKR,Lugansk
UKR,Kirovograd
UKR,Sumy
UKR,Donetsk
UKR,Zytomyr
UKR,Odesa
UKR,Sumy
UKR,Kiova
UKR,Taka-Karpatia
HUN,Budapest
HUN,Baranya
URY,Montevideo
NZL,Auckland
NZL,Canterbury
NZL,Auckland
NZL,Auckland
NZL,Auckland
NZL,Wellington
NZL,Dunedin
NZL,Hamilton
NZL,Wellington
UZB,Toskent Shahri
UZB,Namangan
UZB,Samarkand
UZB,Andijon
UZB,Buhoro
UZB,Qashqadaryo
UZB,Karakalpakistan
UZB,Fargona
UZB,Fargona
UZB,Toskent
UZB,Fargona
3514,ï¿½rgenc,UZB,Khorazm
UZB,Toskent
UZB,Cizah
UZB,Navoi
UZB,Toskent
UZB,Surkhondaryo
BLR,Horad Minsk
BLR,Gomel
BLR,Mogiljov
BLR,Vitebsk
BLR,Grodno
BLR,Brest
BLR,Mogiljov
BLR,Brest
BLR,Minsk
BLR,Brest
BLR,Vitebsk
BLR,Gomel
BLR,Vitebsk
BLR,Grodno
BLR,Minsk
BLR,Minsk
WLF,Wallis
VUT,Shefa
VEN,Distrito Federal
VEN,Zulia
VEN,Lara
VEN,Carabobo
VEN,Miranda
VEN,Aragua
VEN,Monagas
VEN,Sucre
VEN,Zulia
VEN,Barinas
VEN,Aragua
VEN,Miranda
VEN,Carabobo
VEN,Miranda
VEN,Miranda
VEN,Portuguesa
VEN,Carabobo
VEN,Trujillo
VEN,Portuguesa
VEN,Sucre
VEN,Distrito Federal
VEN,Miranda
VEN,Zulia
VEN,Miranda
VEN,Portuguesa
VEN,Apure
VEN,Yaracuy
VEN,Aragua
RUS,Moscow (City)
RUS,Pietari
RUS,Novosibirsk
RUS,Nizni Novgorod
RUS,Sverdlovsk
RUS,Samara
RUS,Omsk
RUS,Tatarstan
RUS,Rostov-na-Donu
RUS,Perm
RUS,Volgograd
RUS,Voronez
RUS,Krasnojarsk
RUS,Saratov
RUS,Samara
RUS,Uljanovsk
RUS,Udmurtia
RUS,Krasnodar
RUS,Jaroslavl
RUS,Habarovsk
RUS,Primorje
RUS,Irkutsk
RUS,Altai
RUS,Kemerovo
RUS,Penza
RUS,Rjazan
RUS,Orenburg
RUS,Lipetsk
RUS,Tatarstan
RUS,Tula
RUS,Tjumen
RUS,Kemerovo
RUS,Astrahan
RUS,Tomsk
RUS,Kirov
RUS,Ivanovo
RUS,Brjansk
RUS,Tver
RUS,Kursk
RUS,Kaliningrad
RUS,Sverdlovsk
RUS,Murmansk
RUS,Burjatia
RUS,Kurgan
RUS,Arkangeli
RUS,Krasnodar
RUS,Smolensk
RUS,Orjol
RUS,Stavropol
RUS,Belgorod
RUS,Kaluga
RUS,Vladimir
RUS,Dagestan
RUS,Vologda
RUS,Mordva
RUS,Tambov
RUS,North Ossetia-Alania
RUS,Vologda
RUS,Novgorod
RUS,Habarovsk
RUS,Kostroma
RUS,Volgograd
RUS,Rostov-na-Donu
RUS,Karjala
RUS,Irkutsk
RUS,Nizni Novgorod
RUS,Hanti-Mansia
RUS,Orenburg
RUS,Baï¿½kortostan
RUS,Irkutsk
RUS,Marinmaa
RUS,Jaroslavl
RUS,Kemerovo
RUS,Hanti-Mansia
RUS,Komi
RUS,Arkangeli
RUS,Altai
RUS,Tatarstan
RUS,Rostov-na-Donu
RUS,Belgorod
RUS,Moscow (City)
RUS,Saratov
RUS,Krasnodar
RUS,Pihkova
RUS,Tï¿½eljabinsk
RUS,Saha (Jakutia)
RUS,Moskova
RUS,Sverdlovsk
RUS,Saratov
RUS,Samara
RUS,Rostov-na-Donu
RUS,Perm
RUS,Sahalin
RUS,Rostov-na-Donu
RUS,Hakassia
RUS,Adygea
RUS,Krasnodar
RUS,Moskova
RUS,Altai
RUS,Vladimir
RUS,Primorje
RUS,Primorje
RUS,Moskova
RUS,Moskova
RUS,Moskova
RUS,Vladimir
RUS,Pietari
RUS,Krasnojarsk
RUS,Tatarstan
RUS,Tula
RUS,Uljanovsk
RUS,Sverdlovsk
RUS,Moskova
RUS,Moskova
RUS,Stavropol
RUS,Stavropol
RUS,Moskova
RUS,Moskova
RUS,Moskova
RUS,Moskova
RUS,Volgograd
RUS,Krasnojarsk
RUS,Magadan
RUS,Tambov
RUS,Stavropol
RUS,Lipetsk
RUS,Tomsk
RUS,Moskova
RUS,Pihkova
RUS,Samara
RUS,Kemerovo
RUS,Moskova
RUS,Nizni Novgorod
RUS,Kemerovo
RUS,Orenburg
RUS,Kaluga
RUS,Krasnojarsk
RUS,Udmurtia
RUS,Perm
RUS,Udmurtia
RUS,Irkutsk
RUS,Moskova
RUS,Kemerovo
RUS,Irkutsk
RUS,Kalmykia
RUS,Rostov-na-Donu
RUS,Udmurtia
RUS,Tyva
RUS,Sverdlovsk
RUS,Tatarstan
RUS,Moskova
RUS,Ivanovo
RUS,Penza
RUS,Komi
RUS,Stavropol
RUS,Tjumen
RUS,Hanti-Mansia
RUS,Rostov-na-Donu
RUS,Yamalin Nenetsia
RUS,Saratov
RUS,Kursk
RUS,Moskova
RUS,Kemerovo
RUS,Tatarstan
RUS,Krasnojarsk
RUS,Sverdlovsk
RUS,Pietari
RUS,Komi
RUS,Dagestan
RUS,Kirov
RUS,Moskova
RUS,Moskova
RUS,Perm
RUS,Yamalin Nenetsia
VNM,Ho Chi Minh City
VNM,Hanoi
VNM,Haiphong
VNM,Quang Nam-Da Nang
VNM,Dong Nai
VNM,Khanh Hoa
VNM,Thua Thien-Hue
VNM,Can Tho
VNM,Quang Binh
VNM,Nam Ha
VNM,Binh Dinh
VNM,Ba Ria-Vung Tau
VNM,Kien Giang
VNM,An Giang
VNM,Bac Thai
VNM,Quang Ninh
VNM,Binh Thuan
VNM,Khanh Hoa
VNM,Nghe An
VNM,Tien Giang
VNM,Lam Dong
VNM,Dac Lac
EST,Harjumaa
EST,Tartumaa
USA,New York
USA,California
USA,Illinois
USA,Texas
USA,Pennsylvania
USA,Arizona
USA,California
USA,Texas
USA,Texas
USA,Michigan
USA,California
USA,Indiana
USA,California
USA,Florida
USA,Ohio
USA,Texas
USA,Maryland
USA,Tennessee
USA,Wisconsin
USA,Massachusetts
USA,District of Columbia
USA,Tennessee
USA,Texas
USA,Washington
USA,Colorado
USA,North Carolina
USA,Texas
USA,Oregon
USA,Oklahoma
USA,Arizona
USA,Louisiana
USA,Nevada
USA,Ohio
USA,California
USA,New Mexico
USA,Missouri
USA,California
USA,Virginia
USA,Georgia
USA,California
USA,California
USA,Arizona
USA,Oklahoma
USA,Nebraska
USA,Minnesota
USA,Hawaii
USA,Florida
USA,Colorado
USA,Missouri
USA,Kansas
USA,California
USA,Pennsylvania
USA,Texas
USA,Ohio
USA,California
USA,Ohio
USA,Florida
USA,New York
USA,Minnesota
USA,Texas
USA,Colorado
USA,North Carolina
USA,New Jersey
USA,Kentucky
USA,Alaska
USA,Kentucky
USA,California
USA,Florida
USA,California
USA,California
USA,Alabama
USA,New Jersey
USA,Virginia
USA,Louisiana
USA,Florida
USA,Nebraska
USA,North Carolina
USA,Texas
USA,New York
USA,Arizona
USA,Ohio
USA,Texas
USA,Wisconsin
USA,Indiana
USA,California
USA,Arizona
USA,Alabama
USA,Louisiana
USA,Georgia
USA,Texas
USA,Virginia
USA,Alabama
USA,Iowa
USA,Michigan
USA,Virginia
USA,New York
USA,Washington
USA,California
USA,Washington
USA,Texas
USA,California
USA,California
USA,North Carolina
USA,Georgia
USA,Florida
USA,Idaho
USA,North Carolina
USA,California
USA,Mississippi
USA,Arkansas
USA,Utah
USA,Nevada
USA,Virginia
USA,Arizona
USA,Texas
USA,Nevada
USA,Virginia
USA,Tennessee
USA,Texas
USA,Rhode Island
USA,California
USA,Massachusetts
USA,California
USA,Ohio
USA,California
USA,California
USA,Arizona
USA,Alabama
USA,California
USA,Tennessee
USA,Florida
USA,Massachusetts
USA,Missouri
USA,California
USA,California
USA,Florida
USA,Illinois
USA,California
USA,Louisiana
USA,New Jersey
USA,Kansas
USA,California
USA,New York
USA,Kansas
USA,Virginia
USA,Colorado
USA,Washington
USA,California
USA,Illinois
USA,California
USA,California
USA,California
USA,Texas
USA,Connecticut
USA,Florida
USA,Michigan
USA,California
USA,Oregon
USA,Florida
USA,Oregon
USA,Texas
USA,California
USA,California
USA,Georgia
USA,California
USA,California
USA,Illinois
USA,Virginia
USA,California
USA,Texas
USA,California
USA,California
USA,California
USA,Michigan
USA,Nevada
USA,Texas
USA,Michigan
USA,South Dakota
USA,Connecticut
USA,Kansas
USA,California
USA,Indiana
USA,Connecticut
USA,North Carolina
USA,Iowa
USA,New Jersey
USA,Michigan
USA,California
USA,Colorado
USA,Florida
USA,Connecticut
USA,California
USA,California
USA,California
USA,South Carolina
USA,California
USA,Texas
USA,Nevada
USA,Michigan
USA,Texas
USA,Texas
USA,Georgia
USA,Missouri
USA,Illinois
USA,California
USA,Illinois
USA,California
USA,Louisiana
USA,Arizona
USA,Texas
USA,Washington
USA,Utah
USA,Tennessee
USA,California
USA,Arizona
USA,Indiana
USA,California
USA,Connecticut
USA,New Hampshire
USA,Pennsylvania
USA,Texas
USA,Illinois
USA,Massachusetts
USA,Utah
USA,California
USA,Texas
USA,Pennsylvania
USA,California
USA,California
USA,California
USA,Indiana
USA,California
USA,California
USA,Wisconsin
USA,Florida
USA,Colorado
USA,Colorado
USA,Utah
USA,Georgia
USA,Massachusetts
USA,Colorado
USA,California
USA,Virginia
USA,Michigan
USA,California
USA,Florida
USA,Texas
USA,Iowa
USA,California
USA,Florida
USA,Nevada
USA,Massachusetts
USA,California
USA,Oklahoma
USA,California
USA,New York
USA,Massachusetts
USA,Virginia
USA,Montana
USA,California
USA,Florida
USA,California
USA,California
USA,California
USA,California
USA,Colorado
USA,North Carolina
USA,California
USA,Massachusetts
USA,Wisconsin
USA,Illinois
USA,Texas
USA,California
USA,South Carolina
VIR,St Thomas
ZWE,Harare
ZWE,Bulawayo
ZWE,Harare
ZWE,Harare
ZWE,Manicaland
ZWE,Midlands
PSE,Gaza
PSE,Khan Yunis
PSE,Hebron
PSE,North Gaza
PSE,Nablus
PSE,Rafah
