US,New York
US,California
US,Illinois
US,Texas
US,Pennsylvania
US,Arizona
US,California
US,Texas
US,Texas
US,Michigan
US,California
US,Indiana
US,California
US,Florida
US,Ohio
US,Texas
US,Maryland
US,Tennessee
US,Wisconsin
US,Massachusetts
US,District of Columbia
US,Tennessee
US,Texas
US,Washington
US,Colorado
US,North Carolina
US,Texas
US,Oregon
US,Oklahoma
US,Arizona
US,Louisiana
US,Nevada
US,Ohio
US,California
US,New Mexico
US,Missouri
US,California
US,Virginia
US,Georgia
US,California
US,California
US,Arizona
US,Oklahoma
US,Nebraska
US,Minnesota
US,Hawaii
US,Florida
US,Colorado
US,Missouri
US,Kansas
US,California
US,Pennsylvania
US,Texas
US,Ohio
US,California
US,Ohio
US,Florida
US,New York
US,Minnesota
US,Texas
US,Colorado
US,North Carolina
US,New Jersey
US,Kentucky
US,Alaska
US,Kentucky
US,California
US,Florida
US,California
US,California
US,Alabama
US,New Jersey
US,Virginia
US,Louisiana
US,Florida
US,Nebraska
US,North Carolina
US,Texas
US,New York
US,Arizona
US,Ohio
US,Texas
US,Wisconsin
US,Indiana
US,California
US,Arizona
US,Alabama
US,Louisiana
US,Georgia
US,Texas
US,Virginia
US,Alabama
US,Iowa
US,Michigan
US,Virginia
US,New York
US,Washington
US,California
US,Washington
US,Texas
US,California
US,California
US,North Carolina
US,Georgia
US,Florida
US,Idaho
US,North Carolina
US,California
US,Mississippi
US,Arkansas
US,Utah
US,Nevada
US,Virginia
US,Arizona
US,Texas
US,Nevada
US,Virginia
US,Tennessee
US,Texas
US,Rhode Island
US,California
US,Massachusetts
US,California
US,Ohio
US,California
US,California
US,Arizona
US,Alabama
US,California
US,Tennessee
US,Florida
US,Massachusetts
US,Missouri
US,California
US,California
US,Florida
US,Illinois
US,California
US,Louisiana
US,New Jersey
US,Kansas
US,California
US,New York
US,Kansas
US,Virginia
US,Colorado
US,Washington
US,California
US,Illinois
US,California
US,California
US,California
US,Texas
US,Connecticut
US,Florida
US,Michigan
US,California
US,Oregon
US,Florida
US,Oregon
US,Texas
US,California
US,California
US,Georgia
US,California
US,California
US,Illinois
US,Virginia
US,California
US,Texas
US,California
US,California
US,California
US,Michigan
US,Nevada
US,Texas
US,Michigan
US,South Dakota
US,Connecticut
US,Kansas
US,California
US,Indiana
US,Connecticut
US,North Carolina
US,Iowa
US,New Jersey
US,Michigan
US,California
US,Colorado
US,Florida
US,Connecticut
US,California
US,California
US,California
US,South Carolina
US,California
US,Texas
US,Nevada
US,Michigan
US,Texas
US,Texas
US,Georgia
US,Missouri
US,Illinois
US,California
US,Illinois
US,California
US,Louisiana
US,Arizona
US,Texas
US,Washington
US,Utah
US,Tennessee
US,California
US,Arizona
US,Indiana
US,California
US,Connecticut
US,New Hampshire
US,Pennsylvania
US,Texas
US,Illinois
US,Massachusetts
US,Utah
US,California
US,Texas
US,Pennsylvania
US,California
US,California
US,California
US,Indiana
US,California
US,California
US,Wisconsin
US,Florida
US,Colorado
US,Colorado
US,Utah
US,Georgia
US,Massachusetts
US,Colorado
US,California
US,Virginia
US,Michigan
US,California
US,Florida
US,Texas
US,Iowa
US,California
US,Florida
US,Nevada
US,Massachusetts
US,California
US,Oklahoma
US,California
US,New York
US,Massachusetts
US,Virginia
US,Montana
US,California
US,Florida
US,California
US,California
US,California
US,California
US,Colorado
US,North Carolina
US,California
US,Massachusetts
US,Wisconsin
US,Illinois
US,Texas
US,California
US,South Carolina
AUS,New South Wales
AUS,Victoria
AUS,Queensland
AUS,West Australia
AUS,South Australia
AUS,Capital Region
AUS,Queensland
AUS,New South Wales
AUS,New South Wales
AUS,New South Wales
AUS,Tasmania
AUS,Victoria
AUS,Queensland
AUS,Queensland